Key,nm,en,ru,nml
GAME, Set Sail for Booty!,Game,–ò–≥—Ä–∞,Serious Button for Serious Gamers üéÆ
GRAPHIC, Eye of the Kraken View,Graphic,–ì—Ä–∞—Ñ–∏–∫–∞,Make It Pretty or Potato ü•îüíª
SOUND, Shiver Me Timbers' Tunes,Sound,–ó–≤—É–∫,Boom Boom Tweak Zone üîäüí•
MASTER, Captain's Command of Clamor,Master,–û–±—â–∏–π,
SOUND_EFFECTS, Parrot Squawks & Cannon Blasts,Sound Effects,–ó–≤—É–∫–æ–≤—ã–µ –≠—Ñ—Ñ–µ–∫—Ç—ã,
MUSIC, Yo Ho Ho & a Bottle o' Beats,Music,–ú—É–∑—ã–∫–∞,
LANGUAGE, Speak Like a Swashbuckler,Language,–Ø–∑—ã–∫,
FULLSCREEN, All-Encompassin' Horizon,Fullscreen,–ü–æ–ª–Ω—ã–π –≠–∫—Ä–∞–Ω,
WINDOW_RES, Porthole View Size,Window Resolution,–†–∞–∑—Ä–µ—à–µ–Ω–∏–µ –≠–∫—Ä–∞–Ω–∞,
FRAME_RATE, How Smooth Yer Plank Walkin' Be,Frame Rate,–ß–∞—Å—Ç–æ—Ç–∞ –ö–∞–¥—Ä–æ–≤,
VSYNC, No Tides on Yer Screen,Vertical Sync,–í–µ—Ä—Ç–∏–∫–∞–ª—å–Ω–∞—è –°–∏–Ω—Ä–æ–Ω–∏–∑–∞—Ü–∏—è,
WINDOW, Peepin' Through a Spyglass,Window,–≠–∫—Ä–∞–Ω,Tiny Box or Epic Screen? üñºÔ∏èüí°
EXIT, Abandon Ship!,Exit,–í—ã—Ö–æ–¥,Rage Quit Here üö™üî•
NO_LIMIT, Set Loose the Kraken!,No Limit,–ë–µ–∑ –æ–≥—Ä–∞–Ω–∏—á–µ–Ω–∏–π,
ON, Aye, She Blows!,–í–∫–ª,
OFF, Batten Down the Hatches!,Off,–í—ã–∫–ª,
CONTROLS, The Helm & Rudder,Controls,–£–ø—Ä–∞–≤–ª–µ–Ω–∏–µ,Because Mashing Keys Randomly Ain‚Äôt Strategy ‚å®Ô∏è
RESET_CONTROLS, Mutiny on the Buttons,Reset Controls,–°–±—Ä–æ—Å–∏—Ç—å –£–ø—Ä–∞–≤–ª–µ–Ω–∏–µ,Oops! Undo My Genius Layout ‚Ü©Ô∏èüß†
KEYS, Yer Secret Stash o' Commands,Key Configuration,–ù–∞—Å—Ç—Ä–æ–π–∫–∏ –ö–Ω–æ–ø–æ–∫,The Button Buffet üßÇ‚å®Ô∏è
ENTER_NEW_KEY, Buried a New Treasure,Enter New Key,–ù–∞–∂–º–∏—Ç–µ –ù–æ–≤—É—é –ö–Ω–æ–ø–∫—É,
START_GAME, Weigh Anchor!,START GAME,,Let It All Fade to Black üé≠üï≥
END_GAME, Return to Port,END GAME,,
BACK_TO_START, Return To Ship, BACK TO START,,
