Key,nm,en,ru,nml
GAME,Set Sail for Booty!,Game,–ò–≥—Ä–∞,Serious Button for Serious Gamers üéÆ
GRAPHIC,Eye of the Kraken View,Graphic,–ì—Ä–∞—Ñ–∏–∫–∞,Make It Pretty or Potato ü•îüíª
SOUND,Shiver Me Timbers' Tunes,Sound,–ó–≤—É–∫,Boom Boom Tweak Zone üîäüí•
MASTER,Captain's Command of Clamor,Master,–û–±—â–∏–π,
SOUND_EFFECTS,Parrot Squawks & Cannon Blasts,Sound Effects,–ó–≤—É–∫–æ–≤—ã–µ –≠—Ñ—Ñ–µ–∫—Ç—ã,
MUSIC,Yo Ho Ho & a Bottle o' Beats,Music,–ú—É–∑—ã–∫–∞,
LANGUAGE,Speak Like a Swashbuckler,Language,–Ø–∑—ã–∫,
FULLSCREEN,All-Encompassin' Horizon,Fullscreen,–ü–æ–ª–Ω—ã–π –≠–∫—Ä–∞–Ω,
WINDOW_RES,Porthole View Size,Window Resolution,–†–∞–∑—Ä–µ—à–µ–Ω–∏–µ –≠–∫—Ä–∞–Ω–∞,
FRAME_RATE,How Smooth Yer Plank Walkin' Be,Frame Rate,–ß–∞—Å—Ç–æ—Ç–∞ –ö–∞–¥—Ä–æ–≤,
VSYNC,No Tides on Yer Screen,Vertical Sync,–í–µ—Ä—Ç–∏–∫–∞–ª—å–Ω–∞—è –°–∏–Ω—Ä–æ–Ω–∏–∑–∞—Ü–∏—è,
WINDOW,Peepin' Through a Spyglass,Window,–≠–∫—Ä–∞–Ω,Tiny Box or Epic Screen? üñºÔ∏èüí°
EXIT,Abandon Ship!,Exit,–í—ã—Ö–æ–¥,Rage Quit Here üö™üî•
NO_LIMIT,Set Loose the Kraken!,No Limit,–ë–µ–∑ –æ–≥—Ä–∞–Ω–∏—á–µ–Ω–∏–π,
ON,Aye,She Blows!,–í–∫–ª,
OFF,Batten Down the Hatches!,Off,–í—ã–∫–ª,
CONTROLS,The Helm & Rudder,Controls,–£–ø—Ä–∞–≤–ª–µ–Ω–∏–µ,Because Mashing Keys Randomly Ain‚Äôt Strategy ‚å®Ô∏è
RESET_CONTROLS,Mutiny on the Buttons,Reset Controls,–°–±—Ä–æ—Å–∏—Ç—å –£–ø—Ä–∞–≤–ª–µ–Ω–∏–µ,Oops! Undo My Genius Layout ‚Ü©Ô∏èüß†
KEYS,Yer Secret Stash o' Commands,Key Configuration,–ù–∞—Å—Ç—Ä–æ–π–∫–∏ –ö–Ω–æ–ø–æ–∫,The Button Buffet üßÇ‚å®Ô∏è
ENTER_NEW_KEY,Buried a New Treasure,Enter New Key,–ù–∞–∂–º–∏—Ç–µ –ù–æ–≤—É—é –ö–Ω–æ–ø–∫—É,
GANDU,X Marks the Spot o' Trouble,,,Launch the Chaos üöÄüé≤
Start_Game,Weigh Anchor!,,,Let It All Fade to Black üé≠üï≥
End_Game,Return to Port,,,
,,,,
,,,,
,,,,
,,,,
,,,,
,,,,
,,,,
,,,,
,,,,
,,,,
FIRST_LEVEL_TIP,,"To move, press the ""Move Left"" and ""Move Right"" buttons. You can be seen if you make sounds - for example, walking or jumping. Go through the door on the right.
","–ß—Ç–æ–±—ã –¥–≤–∏–≥–∞—Ç—å—Å—è, –Ω–∞–∂–º–∏—Ç–µ –∫–Ω–æ–ø–∫–∏ ""–î–≤–∏–≥–∞—Ç—å—Å—è –≤–ª–µ–≤–æ"" –∏ ""–î–≤–∏–≥–∞—Ç—å—Å—è –≤–ø—Ä–∞–≤–æ"". –í—ã –º–æ–∂–µ—Ç–µ –≤–∏–¥–µ—Ç—å –≤–∞—Å, –µ—Å–ª–∏ –≤—ã –∏–∑–¥–∞—ë—Ç–µ –∑–≤—É–∫–∏ - –Ω–∞–ø—Ä–∏–º–µ—Ä —Ö–æ–¥–∏—Ç–µ –∏–ª–∏ –ø—Ä—ã–≥–∞–µ—Ç–µ. –ü—Ä–æ–π–¥–∏—Ç–µ –≤ –¥–≤–µ—Ä—å –Ω–∞–ø—Ä–∞–≤–æ.",
SECOND_LEVEL_TIP,,You can jump by pressing the jump button. To see through the space in front of you - point your mouse and press the sonar button.,"–í—ã –º–æ–∂–µ—Ç–µ –ø—Ä—ã–≥–∞—Ç—å, –Ω–∞–∂–∏–º–∞—è –∫–Ω–æ–ø–∫—É –ø—Ä—ã–∂–∫–∞. –ß—Ç–æ–±—ã –ø—Ä–æ—Å–≤–µ—á–∏–≤–∞—Ç—å –ø—Ä–æ—Å–≤–µ—á–∏–≤—Ç–∞—å –ø—Ä–æ—Å—Ç—Ä–∞–Ω—Ç—Å–≤–æ –ø–µ—Ä–µ–¥ —Å–æ–±–æ–π - –Ω–∞–≤–µ–¥–∏—Ç–µ –º—ã—à–∫—É –∏ –Ω–∞–∂–º–∏—Ç–µ –∫–Ω–æ–ø–∫—É —Å–æ–Ω–∞—Ä–∞.",
THIRD_LEVEL_TIP,,"To open some doors, you need to activate a button - it pulses and makes a quiet sound. After activating the button(s), you will have time to get to the door. If you do not have time, you need to activate the button again
","–ß—Ç–æ–±—ã –æ—Ç–∫—Ä—ã—Ç—å –Ω–µ–∫–æ—Ç–æ—Ä—ã–µ –¥–≤–µ—Ä–∏, –Ω—É–∂–Ω–æ –∞–∫—Ç–∏–≤–∏—Ä–æ–≤–∞—Ç—å –∫–Ω–æ–ø–∫—É - –æ–Ω–∞ –ø—É–ª—å—Å–∏—Ä—É–µ—Ç –∏ –∏–∑–¥–∞—ë—Ç —Ç–∏—Ö–∏–π –∑–≤—É–∫. –ü–æ—Å–ª–µ –∞–∫—Ç–∏–≤–∞—Ü–∏–∏ –∫–Ω–æ–ø–∫–∏ (–∫–Ω–æ–ø–æ–∫) —É –≤–∞—Å –±—É–¥–µ—Ç –≤—Ä–µ–º—è, —á—Ç–æ–±—ã –ø—Ä–æ–π—Ç–∏ –∫ –¥–≤–µ—Ä–∏. –ï—Å–ª–∏ –≤—ã –Ω–µ —É—Å–ø–µ–µ—Ç–µ, —Ç–æ –≤–∞–º –Ω—É–∂–Ω–æ –∞–∫—Ç–∏–≤–∏—Ä–æ–≤–∞—Ç—å –∫–Ω–æ–ø–∫—É —Å–Ω–æ–≤–∞—é",
FOURTH_LEVEL_TIP,,"Some rooms have ""invisible"" platforms. To reveal them, you must hit them with sonar. To do this, aim at the location where the sonar is used and press the sonar button.","–ù–µ–∫–æ—Ç–æ—Ä—ã–µ –∫–æ–º–Ω–∞—Ç—ã –∏–º–µ—é—Ç ""–Ω–µ–≤–∏–¥–∏–º—ã–µ"" –ø–ª–∞—Ç—Ñ–æ—Ä–º—ã. –ß—Ç–æ–±—ã –ø—Ä–æ—è–≤–∏—Ç—å –∏—Ö, –≤—ã –¥–æ–ª–∂–Ω—ã –ø–æ–ø–∞—Å—Ç –ø–æ –Ω–∏–º —Å–æ–Ω–∞—Ä–æ–º. –î–ª—è —ç—Ç–æ–≥–æ –Ω–∞–≤–µ–¥–∏—Ç–µ –Ω–∞ –º–µ—Å—Ç–æ –ø—Ä–∏–º–µ–Ω–µ–Ω–∏—è —Å–æ–Ω–∞—Ä–∞ –∏ –Ω–∞–∂–º–∏—Ç–µ –∫–Ω–æ–∫—É —Å–æ–Ω–∞—Ä–∞.",
,,,,
,,,,
,,,,
LEFT,,Move Left,–î–≤–∏–≥–∞—Ç—å—Å—è –≤–ª–µ–≤–æ,
RIGHT,,Move Right,–î–≤–∏–≥–∞—Ç—å—Å—è –≤–ø—Ä–∞–≤–æ,
DOWN,,Move Down,–î–≤–∏–≥–∞—Ç—å—Å—è –≤–Ω–∏–∑,
JUMP,,Jump,–ü—Ä—ã–∂–æ–∫,
INTERACT,,Press a button,–ù–∞–∂–∞—Ç—å –Ω–∞ –∫–Ω–æ–ø–∫—É,
SONAR,,Use sonar,–ò—Å–ø–æ–ª—å–∑–æ–≤–∞—Ç—å —Å–æ–Ω–∞—Ä,
,,,,
START_GAME,,Start Game,–ù–∞—á–∞—Ç—å –∏–≥—Ä—É,
BACK_TO_START,,Back to Start,–ù–∞–∑–∞–¥ –∫ –Ω–∞—á–∞–ª—É,
END_GAME,,End Game,–í—ã–π—Ç–∏,
CONTINUE,,Continue,–ü—Ä–æ–¥–æ–ª–∂–∏—Ç—å,